Name,Mean,MeanLB,MeanUB,Stddev,StddevLB,StddevUB
Int/100000/Asc/samsort sortArrayBy,2.718819243172767e-4,2.7125467677257604e-4,2.725390147019984e-4,1.463990800721699e-6,1.135021784025805e-6,1.9828611004327094e-6
Int/100000/Asc/vector-algorithms Merge,2.942690240642382e-3,2.9362775359585824e-3,2.9496616054367902e-3,2.0064411308106626e-5,1.5160929943923857e-5,2.6159595190126454e-5
Int/100000/Asc/vector-algorithms Intro,4.002617160044015e-3,3.982493041055099e-3,4.097537080831672e-3,1.0393367392020073e-4,1.0650471895890231e-5,2.2913217289638476e-4
Int/100000/Asc/vector-algorithms Heap,9.97944568376008e-3,9.929421572723513e-3,1.009188853763778e-2,1.9190812715236784e-4,1.1359093687601495e-4,2.7932750061267165e-4
Int/100000/Asc/vector-algorithms Tim,2.6973940769497973e-4,2.692636397150584e-4,2.7031641931713596e-4,1.1278438748696216e-6,9.001514122040981e-7,1.4366841759837555e-6
Int/100000/Desc/samsort sortArrayBy,3.50257004567187e-4,3.4963959890899163e-4,3.5084540806958037e-4,1.2787965100941723e-6,9.374375810036324e-7,1.8043090793905568e-6
Int/100000/Desc/vector-algorithms Merge,6.74763874707883e-3,6.683765912962451e-3,6.824947876876948e-3,2.0355079958525195e-4,1.7088498121585566e-4,2.5467435583928326e-4
Int/100000/Desc/vector-algorithms Intro,4.113700732376325e-3,4.099208289015544e-3,4.128504545585683e-3,4.434925231901179e-5,4.176363814083216e-5,4.717809680838385e-5
Int/100000/Desc/vector-algorithms Heap,9.598200256253343e-3,9.574769939726911e-3,9.638763096542073e-3,7.871670709476783e-5,4.5503092002108387e-5,1.1971171878015728e-4
Int/100000/Desc/vector-algorithms Tim,4.320996810986493e-4,4.296039145967997e-4,4.3460133903918205e-4,5.096343353674553e-6,4.18035795399975e-6,6.3845614820969155e-6
Int/100000/UpDownAsc/samsort sortArrayBy,1.2037286765899428e-3,1.1992963380111463e-3,1.2079083081770363e-3,1.1090981278898363e-5,9.113990769913949e-6,1.3449193620964168e-5
Int/100000/UpDownAsc/vector-algorithms Merge,3.2087474205941143e-3,3.136188405180472e-3,3.448091057633586e-3,3.1681335081050585e-4,1.7984322718014607e-5,6.665661114061526e-4
Int/100000/UpDownAsc/vector-algorithms Intro,4.331087607889899e-3,4.310178952451186e-3,4.393119562605756e-3,1.0108981440604586e-4,2.9475546905984555e-5,1.8755950220385292e-4
Int/100000/UpDownAsc/vector-algorithms Heap,9.993496961570252e-3,9.982509829820019e-3,1.0012838677716344e-2,3.7430454005005234e-5,1.990553041220216e-5,5.679328636694202e-5
Int/100000/UpDownAsc/vector-algorithms Tim,8.78458092390863e-4,8.766603102742118e-4,8.80722640875265e-4,4.732648406040658e-6,3.7907232736004426e-6,6.219617159488293e-6
Int/100000/UpDownDesc/samsort sortArrayBy,2.9924009157220894e-3,2.987117752283181e-3,2.998021815016131e-3,1.5058924568234973e-5,1.1626256954169502e-5,1.9804328078502556e-5
Int/100000/UpDownDesc/vector-algorithms Merge,6.710540412734809e-3,6.66407218246781e-3,6.752032711401785e-3,1.231788673327592e-4,1.0405093792860568e-4,1.4763303567703691e-4
Int/100000/UpDownDesc/vector-algorithms Intro,4.421003983986438e-3,4.409161274654204e-3,4.437588112307887e-3,3.7689719595558784e-5,3.1497136728553975e-5,4.700078022120079e-5
Int/100000/UpDownDesc/vector-algorithms Heap,9.56464314302591e-3,9.542291140647334e-3,9.584283756829431e-3,5.4522344819299664e-5,3.8754483535448317e-5,7.850789019039434e-5
Int/100000/UpDownDesc/vector-algorithms Tim,1.0562633702094855e-2,1.0410747387872597e-2,1.0718199656828839e-2,4.001416112899675e-4,3.140128873566912e-4,5.58280471755101e-4
Int/100000/Rand/samsort sortArrayBy,1.1181238240027619e-2,1.113953621882747e-2,1.1256423176423799e-2,1.3824322241949458e-4,8.439541325348706e-5,2.538866518107055e-4
Int/100000/Rand/vector-algorithms Merge,1.318222924165838e-2,1.3146338561526366e-2,1.3217242694011727e-2,8.795172745745139e-5,6.984482347508961e-5,1.1363237361725245e-4
Int/100000/Rand/vector-algorithms Intro,1.3312542052433344e-2,1.3288015206962232e-2,1.3358248669491842e-2,7.857782072691003e-5,4.9668429150343625e-5,1.1314133996051103e-4
Int/100000/Rand/vector-algorithms Heap,1.7403034821873425e-2,1.726826223679487e-2,1.7663151026082523e-2,4.2554806805863684e-4,9.922710176164535e-5,7.096649450195074e-4
Int/100000/Rand/vector-algorithms Tim,2.357514152029275e-2,2.331248474331397e-2,2.4582678299361164e-2,1.0634550059992233e-3,1.1973702124328542e-4,2.0861935905284157e-3
Int/100000/RandSmall/samsort sortArrayBy,4.682387613178217e-3,4.640284036666677e-3,4.839551675577708e-3,2.1754971780137456e-4,2.6712389025954813e-5,4.4843837911284843e-4
Int/100000/RandSmall/vector-algorithms Merge,9.552595124358725e-3,9.435948357057744e-3,9.957403147446116e-3,4.723845085096023e-4,9.384937209869475e-5,8.847496206524355e-4
Int/100000/RandSmall/vector-algorithms Intro,8.660330086196757e-3,8.610636795553893e-3,8.80372293492621e-3,2.3532760440063627e-4,2.6906771720717782e-5,4.419607854665254e-4
Int/100000/RandSmall/vector-algorithms Heap,1.1982464920118325e-2,1.192206296082992e-2,1.2044018827710348e-2,1.519259156562268e-4,1.353734147133301e-4,1.7570160759129114e-4
Int/100000/RandSmall/vector-algorithms Tim,1.552191675613208e-2,1.545846335715708e-2,1.560207878137431e-2,1.7507754072650333e-4,1.2391555394217706e-4,2.665315862590008e-4
Int/100000/AscThenRand/samsort sortArrayBy,6.297872023963222e-3,6.273345593538222e-3,6.377142518459872e-3,1.0292756827808447e-4,4.030059938466967e-5,1.9579086362764433e-4
Int/100000/AscThenRand/vector-algorithms Merge,8.716778242565105e-3,8.668587743599318e-3,8.888888258214e-3,2.030388673087595e-4,5.156189968893432e-5,4.2634185271475634e-4
Int/100000/AscThenRand/vector-algorithms Intro,1.7881927007555067e-2,1.7804101428872357e-2,1.795366594719208e-2,1.7430974963975038e-4,1.4798401925857844e-4,2.0934517024993575e-4
Int/100000/AscThenRand/vector-algorithms Heap,1.536818882965314e-2,1.5335865014937328e-2,1.5406056319078787e-2,8.308193579157463e-5,6.293992090702479e-5,1.0485788465264178e-4
Int/100000/AscThenRand/vector-algorithms Tim,1.4375450634752358e-2,1.4339880034947149e-2,1.4419719758817942e-2,1.0170904522292801e-4,7.328007019025393e-5,1.3419579445160995e-4
Int/100000/RandThenAsc/samsort sortArrayBy,6.411127223779251e-3,6.399246480851633e-3,6.427343042817013e-3,3.6551537867568473e-5,2.4738252346198905e-5,5.55645997991847e-5
Int/100000/RandThenAsc/vector-algorithms Merge,8.572422771130581e-3,8.548371969086702e-3,8.614920196939959e-3,8.11454815041421e-5,4.940153253687023e-5,1.4887066676014214e-4
Int/100000/RandThenAsc/vector-algorithms Intro,1.8313945979208924e-2,1.8112163535882183e-2,1.8954629083621194e-2,7.402674842276868e-4,7.719071787510754e-5,1.4225072982030553e-3
Int/100000/RandThenAsc/vector-algorithms Heap,1.6728166448835364e-2,1.669911689094668e-2,1.6814521128577082e-2,1.0020922741563553e-4,3.9950379825048606e-5,1.832465578999239e-4
Int/100000/RandThenAsc/vector-algorithms Tim,1.3634455139642607e-2,1.3585330055706042e-2,1.3695173725505515e-2,1.2834631292187414e-4,9.832598587950601e-5,1.816282576183554e-4
Maybe Int/100000/Asc/samsort sortArrayBy,3.2828459393687855e-4,3.271094440957345e-4,3.301560248056259e-4,3.0823689149885006e-6,2.032104068647672e-6,4.761329844783181e-6
Maybe Int/100000/Asc/vector-algorithms Merge,5.220262453125873e-3,5.180697140900793e-3,5.347626111998943e-3,1.7151135170465583e-4,3.901977996970964e-5,3.394752824838965e-4
Maybe Int/100000/Asc/vector-algorithms Intro,6.003435483039448e-3,5.919402217298152e-3,6.2224682905508595e-3,3.2486958620194184e-4,6.315804995777875e-5,5.889260142060967e-4
Maybe Int/100000/Asc/vector-algorithms Heap,1.957360529860843e-2,1.9508600523398e-2,1.965718748272958e-2,1.762245955350276e-4,1.1768134209885558e-4,2.591455796670762e-4
Maybe Int/100000/Asc/vector-algorithms Tim,3.9436460988300333e-4,3.916617017732255e-4,3.9897987064293106e-4,7.3446645087877616e-6,4.705486476879599e-6,1.1074721609319329e-5
Maybe Int/100000/Desc/samsort sortArrayBy,4.1274298038196865e-4,4.0541158572633787e-4,4.261523825925221e-4,2.2236913263315434e-5,9.868308144821841e-6,3.80196898101476e-5
Maybe Int/100000/Desc/vector-algorithms Merge,9.940411283663513e-3,9.916449037554287e-3,9.97499177029918e-3,7.24960175595106e-5,4.848540419648697e-5,1.095191042344862e-4
Maybe Int/100000/Desc/vector-algorithms Intro,6.114819944919393e-3,6.023302464578739e-3,6.415093759623629e-3,4.0520672697149973e-4,6.912606459702145e-5,7.939050636782353e-4
Maybe Int/100000/Desc/vector-algorithms Heap,1.948526442560731e-2,1.9344821156346233e-2,1.9771763056659238e-2,4.5071195803790196e-4,1.9637416561418093e-4,7.037053260381144e-4
Maybe Int/100000/Desc/vector-algorithms Tim,5.466803818884045e-4,5.404129229175348e-4,5.640801650416245e-4,2.2597438376645637e-5,6.343054545241042e-6,4.042051168287575e-5
Maybe Int/100000/UpDownAsc/samsort sortArrayBy,2.4901724723128673e-3,2.4786844763522837e-3,2.5021140074817276e-3,3.1059129007632195e-5,2.6991506526740473e-5,3.570679312094476e-5
Maybe Int/100000/UpDownAsc/vector-algorithms Merge,5.428497241890827e-3,5.41432282710859e-3,5.462734387215554e-3,5.434101906756327e-5,2.9035483414037884e-5,9.849970433846112e-5
Maybe Int/100000/UpDownAsc/vector-algorithms Intro,6.505448523547622e-3,6.425146765075425e-3,6.6972526646160244e-3,3.082073542941539e-4,2.4532027722880376e-5,5.320204429695414e-4
Maybe Int/100000/UpDownAsc/vector-algorithms Heap,1.9807361974689252e-2,1.960814973802168e-2,2.0321392483149035e-2,7.049875284241576e-4,2.0962775661167413e-4,1.143806636186524e-3
Maybe Int/100000/UpDownAsc/vector-algorithms Tim,1.1726969157978692e-3,1.163901581133801e-3,1.2072509518052585e-3,3.480919429429588e-5,4.514481954560392e-6,6.613051597353082e-5
Maybe Int/100000/UpDownDesc/samsort sortArrayBy,5.565917480744361e-3,5.51497697272581e-3,5.708315020268783e-3,1.9003540392623924e-4,3.849073298498799e-5,3.526922034909912e-4
Maybe Int/100000/UpDownDesc/vector-algorithms Merge,1.03285086849891e-2,1.022684277913313e-2,1.0598705280449752e-2,3.5134325246772923e-4,1.6869592067916928e-4,6.17552219669497e-4
Maybe Int/100000/UpDownDesc/vector-algorithms Intro,6.560910635824725e-3,6.525177810837412e-3,6.6937312168346905e-3,1.5601442701940928e-4,3.077414187795642e-5,3.1361754472904955e-4
Maybe Int/100000/UpDownDesc/vector-algorithms Heap,1.8187318247006496e-2,1.807742322070136e-2,1.852223539295359e-2,3.853240108247122e-4,1.3634345525561964e-4,7.479071889906051e-4
Maybe Int/100000/UpDownDesc/vector-algorithms Tim,1.3989905597917084e-2,1.3775813203104715e-2,1.4490476669735283e-2,6.99843149654289e-4,3.6849671843939506e-4,1.2626034519314113e-3
Maybe Int/100000/Rand/samsort sortArrayBy,1.7315365618057875e-2,1.724978248480671e-2,1.740257585037637e-2,1.8411565696080086e-4,1.1206234411995749e-4,3.146325713672036e-4
Maybe Int/100000/Rand/vector-algorithms Merge,1.9079295913125426e-2,1.9050990505995985e-2,1.9113914104256047e-2,7.017225858542204e-5,4.930592299066962e-5,1.0850960020899419e-4
Maybe Int/100000/Rand/vector-algorithms Intro,1.8830003076243104e-2,1.880131315778736e-2,1.8868207846030778e-2,7.514472715600747e-5,5.677814418090893e-5,9.53240533679302e-5
Maybe Int/100000/Rand/vector-algorithms Heap,3.2136791285084315e-2,3.198466436138982e-2,3.231957945820928e-2,3.480484920485325e-4,2.641742579618826e-4,4.7136839044285763e-4
Maybe Int/100000/Rand/vector-algorithms Tim,3.0429018213075674e-2,3.0327022316325752e-2,3.058108932049862e-2,2.7644667405641996e-4,1.8418950191946424e-4,4.306286551092843e-4
Maybe Int/100000/RandSmall/samsort sortArrayBy,8.517762475377267e-3,8.34312426137549e-3,9.040955020328539e-3,6.81366280865963e-4,6.465131020081359e-5,1.3152908380679993e-3
Maybe Int/100000/RandSmall/vector-algorithms Merge,1.4246589391022654e-2,1.4196825867822106e-2,1.4411225907417039e-2,1.8785356595518447e-4,8.542157231461166e-5,3.573831095952819e-4
Maybe Int/100000/RandSmall/vector-algorithms Intro,1.2407962284787312e-2,1.237200581291245e-2,1.2441512733132458e-2,8.942053156543899e-5,6.743530168102466e-5,1.2156119281925504e-4
Maybe Int/100000/RandSmall/vector-algorithms Heap,2.3127668769126263e-2,2.3085149486481795e-2,2.3191547998057244e-2,1.1240846148538406e-4,5.6661590037130366e-5,1.6975958683463092e-4
Maybe Int/100000/RandSmall/vector-algorithms Tim,1.8586896528638083e-2,1.8501051129878168e-2,1.8735086149743493e-2,2.5005953815302546e-4,1.4075664811481983e-4,4.496735764255568e-4
Maybe Int/100000/AscThenRand/samsort sortArrayBy,1.2264447035607667e-2,1.2151204749777418e-2,1.2533136658355228e-2,3.6782932489096034e-4,1.0636534004157235e-4,6.58588054670172e-4
Maybe Int/100000/AscThenRand/vector-algorithms Merge,1.5402945833498789e-2,1.5312947828306752e-2,1.5707658701707716e-2,3.427093508201964e-4,9.956627411470233e-5,6.405153061250793e-4
Maybe Int/100000/AscThenRand/vector-algorithms Intro,2.416091645432651e-2,2.407428649212432e-2,2.425049816453217e-2,1.8927603014266535e-4,1.5736183112761195e-4,2.4007830383593936e-4
Maybe Int/100000/AscThenRand/vector-algorithms Heap,3.1215948515625674e-2,3.089454008943769e-2,3.238314224776829e-2,1.1774638378537964e-3,2.3941140369079317e-4,2.187837495988921e-3
Maybe Int/100000/AscThenRand/vector-algorithms Tim,2.0078281191718474e-2,1.9935149710341823e-2,2.0486857767917553e-2,4.8827274648516783e-4,1.625260776905373e-4,9.242809014212756e-4
Maybe Int/100000/RandThenAsc/samsort sortArrayBy,1.1872971534844122e-2,1.1838574520498465e-2,1.1904905417250214e-2,7.701162405494983e-5,5.62415917099095e-5,1.1572185750468819e-4
Maybe Int/100000/RandThenAsc/vector-algorithms Merge,1.5477183723653929e-2,1.5355093663507525e-2,1.5679561857978485e-2,3.491176703983929e-4,1.7900764307320988e-4,5.599477370135579e-4
Maybe Int/100000/RandThenAsc/vector-algorithms Intro,2.4526070629057067e-2,2.4434000613250694e-2,2.4591202634143435e-2,1.6783835036855832e-4,1.074674814649311e-4,2.274120673318696e-4
Maybe Int/100000/RandThenAsc/vector-algorithms Heap,3.287838927239624e-2,3.197442583549692e-2,3.638980199678463e-2,3.494068948283527e-3,1.8586355136641572e-4,6.713993161008538e-3
Maybe Int/100000/RandThenAsc/vector-algorithms Tim,2.0008506842714893e-2,1.994628960699448e-2,2.0137605139711887e-2,1.8600589086193995e-4,1.1322664939111075e-4,3.045146113665458e-4
Int (Prim)/100000/Asc/samsort sortIntArrayBy,5.178751997616226e-5,5.156449079542725e-5,5.244835694978667e-5,7.639125600486334e-7,2.0610336400806677e-7,1.4425152881665283e-6
Int (Prim)/100000/Asc/vector-algorithms Merge,1.068639261435427e-3,1.041505870208397e-3,1.0982141512396908e-3,9.213209851652025e-5,6.857497553788054e-5,1.2908963015924167e-4
Int (Prim)/100000/Asc/vector-algorithms Intro,3.3125565164455373e-3,3.3065492070806037e-3,3.3217099849831237e-3,2.307040118751676e-5,1.6075664608370766e-5,3.687647440617101e-5
Int (Prim)/100000/Asc/vector-algorithms Heap,4.22103595873048e-3,4.215207167668291e-3,4.2281612823252285e-3,2.011933409015396e-5,1.600004413521318e-5,2.762774055466661e-5
Int (Prim)/100000/Asc/vector-algorithms Tim,2.942975394743359e-4,2.938362074124477e-4,2.9486870486702705e-4,1.3194395818397672e-6,1.0477938418400834e-6,1.7567328644599948e-6
Int (Prim)/100000/Asc/primitive-sort,1.1833334621397487e-3,1.1803525803297877e-3,1.1870605824090958e-3,1.0920515274608603e-5,8.511192422499811e-6,1.5151138789507862e-5
Int (Prim)/100000/Desc/samsort sortIntArrayBy,7.643235880867375e-5,7.624875010225514e-5,7.66673853720739e-5,4.4642990529939055e-7,3.458247891620747e-7,5.585329127769204e-7
Int (Prim)/100000/Desc/vector-algorithms Merge,2.1658886174658817e-3,2.1555987996901764e-3,2.1791516955524063e-3,3.860435061735106e-5,2.946988769213318e-5,5.4585099843268466e-5
Int (Prim)/100000/Desc/vector-algorithms Intro,3.392210541981578e-3,3.387721294791681e-3,3.3985309221687718e-3,1.6887361237783863e-5,1.1893373023088974e-5,2.6493527991739548e-5
Int (Prim)/100000/Desc/vector-algorithms Heap,4.205185312369246e-3,4.201001005436218e-3,4.210710516836777e-3,1.47050168274358e-5,1.093976962584685e-5,2.0854853339997237e-5
Int (Prim)/100000/Desc/vector-algorithms Tim,3.7369827134643366e-4,3.7324447517606647e-4,3.745698479886693e-4,1.5934390989797042e-6,8.916509176098886e-7,2.7358768806342895e-6
Int (Prim)/100000/Desc/primitive-sort,1.3881285092995133e-3,1.3848678884390974e-3,1.3922667171415957e-3,1.1995641654749502e-5,1.0758905620930578e-5,1.5284495959398792e-5
Int (Prim)/100000/UpDownAsc/samsort sortIntArrayBy,5.533733041570395e-4,5.520558371061864e-4,5.550847766394838e-4,4.605023820028825e-6,3.5943499305902317e-6,5.97613716496775e-6
Int (Prim)/100000/UpDownAsc/vector-algorithms Merge,1.1291669419771463e-3,1.1064325752459805e-3,1.1552530056883508e-3,8.280715828462726e-5,6.154689240741439e-5,1.0998392510066706e-4
Int (Prim)/100000/UpDownAsc/vector-algorithms Intro,3.3997238100445257e-3,3.396984263108959e-3,3.4036797439805527e-3,9.439474882865886e-6,5.917881390986219e-6,1.4828922345646066e-5
Int (Prim)/100000/UpDownAsc/vector-algorithms Heap,4.305013559215844e-3,4.298283990777462e-3,4.3139449557799405e-3,2.4460601078683642e-5,1.942444070378006e-5,3.156506061850566e-5
Int (Prim)/100000/UpDownAsc/vector-algorithms Tim,4.163423863201735e-4,4.156187299871304e-4,4.172151063997798e-4,2.1244635216817924e-6,1.7303755986678196e-6,2.7286319282048988e-6
Int (Prim)/100000/UpDownAsc/primitive-sort,1.2311133942799549e-3,1.2021563673494467e-3,1.307983576225636e-3,1.3442837766590367e-4,7.936403955927546e-6,2.5923669640627914e-4
Int (Prim)/100000/UpDownDesc/samsort sortIntArrayBy,8.898125715032711e-4,8.863680229865871e-4,8.950364367170679e-4,1.1574229330558239e-5,7.863077130331167e-6,1.966765299357481e-5
Int (Prim)/100000/UpDownDesc/vector-algorithms Merge,2.152300758744725e-3,2.1396438666114606e-3,2.1631837541378047e-3,3.5232229804641175e-5,3.072603402656226e-5,4.1291498186053576e-5
Int (Prim)/100000/UpDownDesc/vector-algorithms Intro,3.463195116781571e-3,3.459022117857852e-3,3.469602982195884e-3,1.5511551511104273e-5,1.0481992623080813e-5,2.558379973410997e-5
Int (Prim)/100000/UpDownDesc/vector-algorithms Heap,4.238025384387321e-3,4.229274688333756e-3,4.253521709569849e-3,3.4827504061944017e-5,2.4206739174849877e-5,5.173260128778732e-5
Int (Prim)/100000/UpDownDesc/vector-algorithms Tim,3.3617773322521917e-3,3.290568740933477e-3,3.4290252008796016e-3,2.18503703407214e-4,1.7790580425920352e-4,2.781212529329939e-4
Int (Prim)/100000/UpDownDesc/primitive-sort,1.429356062503762e-3,1.4164579499035964e-3,1.4564935006470294e-3,5.7859558885127416e-5,3.206002169306436e-5,9.246747954677129e-5
Int (Prim)/100000/Rand/samsort sortIntArrayBy,5.869430444737758e-3,5.858536399239705e-3,5.8849524674201206e-3,3.72994101543263e-5,3.0505766120994325e-5,4.7539365814416946e-5
Int (Prim)/100000/Rand/vector-algorithms Merge,6.726559447804092e-3,6.715364564003723e-3,6.745448616490572e-3,4.1795939812862036e-5,3.014862328072603e-5,6.195064287413015e-5
Int (Prim)/100000/Rand/vector-algorithms Intro,1.0014063059351335e-2,9.991245082415652e-3,1.006588424124158e-2,9.032610670645867e-5,5.1048035718853226e-5,1.5656465210748554e-4
Int (Prim)/100000/Rand/vector-algorithms Heap,8.333594231705318e-3,8.316043617932726e-3,8.349772108673607e-3,4.5147718378203515e-5,3.445889998167462e-5,6.0876559377928856e-5
Int (Prim)/100000/Rand/vector-algorithms Tim,1.700880794371375e-2,1.6951430363530546e-2,1.7086626311392936e-2,1.6706596260355447e-4,1.2876869237777816e-4,2.1409711848822962e-4
Int (Prim)/100000/Rand/primitive-sort,6.380311752504673e-3,6.325524361504495e-3,6.545093029204213e-3,2.55625772834986e-4,1.0723775589508897e-4,4.895947829516178e-4
Int (Prim)/100000/RandSmall/samsort sortIntArrayBy,1.5080040261274026e-3,1.4997390999980382e-3,1.5307065081595296e-3,3.931879846095093e-5,1.5413576360199682e-5,7.79472855793263e-5
Int (Prim)/100000/RandSmall/vector-algorithms Merge,4.112024871663524e-3,4.092254220620348e-3,4.131477092747692e-3,6.057733577416745e-5,5.0209910935970115e-5,8.341979927382041e-5
Int (Prim)/100000/RandSmall/vector-algorithms Intro,7.626570380928126e-3,7.61682710094981e-3,7.645817436036991e-3,3.760419620157741e-5,2.1446102744347936e-5,6.843797190464243e-5
Int (Prim)/100000/RandSmall/vector-algorithms Heap,6.783378269792909e-3,6.764323717382642e-3,6.801091573823123e-3,5.4931212336182335e-5,4.2001232813391524e-5,7.18565698649908e-5
Int (Prim)/100000/RandSmall/vector-algorithms Tim,1.155390592430394e-2,1.1478989026891444e-2,1.163234259849179e-2,1.9905394213239877e-4,1.564357239557909e-4,2.5562127370548095e-4
Int (Prim)/100000/RandSmall/primitive-sort,3.639484162462494e-3,3.6349587140737266e-3,3.6465905267889995e-3,1.658119184229105e-5,1.1835362569611964e-5,2.4194472493459833e-5
Int (Prim)/100000/AscThenRand/samsort sortIntArrayBy,3.0531119532339382e-3,3.0494412237563407e-3,3.057940553827911e-3,1.2968021611217033e-5,1.0057640912570874e-5,1.7029681655828733e-5
Int (Prim)/100000/AscThenRand/vector-algorithms Merge,3.924390968205501e-3,3.9122209348747446e-3,3.943347158512502e-3,4.689513998860688e-5,3.053869500252536e-5,7.160452650347979e-5
Int (Prim)/100000/AscThenRand/vector-algorithms Intro,9.26799417979456e-3,9.239293744391532e-3,9.38083321732259e-3,1.3488348230388374e-4,2.457586897770723e-5,2.743181545521342e-4
Int (Prim)/100000/AscThenRand/vector-algorithms Heap,6.980487828453983e-3,6.970326337605749e-3,6.992994846935955e-3,2.9533683068133743e-5,2.2358155780141623e-5,4.164145927704347e-5
Int (Prim)/100000/AscThenRand/vector-algorithms Tim,9.205217142235171e-3,9.185297214952782e-3,9.228558733141915e-3,6.410150191201563e-5,5.304287954901989e-5,8.003290855753485e-5
Int (Prim)/100000/AscThenRand/primitive-sort,3.8902504001146216e-3,3.8866202265043477e-3,3.8967778256946647e-3,1.3551605473412936e-5,8.364980793501862e-6,2.0210244541474277e-5
Int (Prim)/100000/RandThenAsc/samsort sortIntArrayBy,3.104674056912525e-3,3.1008636283224185e-3,3.10903965708665e-3,1.2114021942282067e-5,1.0019350844488954e-5,1.5255267029646029e-5
Int (Prim)/100000/RandThenAsc/vector-algorithms Merge,3.949875395261432e-3,3.934299783357166e-3,3.977185830879369e-3,6.234414651826537e-5,4.0298335311491734e-5,1.140854855548871e-4
Int (Prim)/100000/RandThenAsc/vector-algorithms Intro,9.367105566098115e-3,9.337304779785494e-3,9.41027995209728e-3,9.661700301763759e-5,7.05473707370164e-5,1.488383696684581e-4
Int (Prim)/100000/RandThenAsc/vector-algorithms Heap,7.87334528075344e-3,7.82060682714447e-3,8.02476884870951e-3,2.1646592713221981e-4,2.7466799940406068e-5,4.0540337249056604e-4
Int (Prim)/100000/RandThenAsc/vector-algorithms Tim,9.11263207259039e-3,9.087198447770426e-3,9.136427065325518e-3,6.509259086104009e-5,5.176683541198747e-5,8.358350344184919e-5
Int (Prim)/100000/RandThenAsc/primitive-sort,3.912866838895921e-3,3.9060655509570294e-3,3.923160666145367e-3,2.4635395882777058e-5,1.8499187113602045e-5,3.19365804638653e-5
Int*3 (Unboxed)/100000/Asc/samsort sortIntArrayBy (by index),5.302568881943063e-4,5.238847308108942e-4,5.543624121914356e-4,3.885280676679374e-5,4.104810879118124e-6,8.224642695751364e-5
Int*3 (Unboxed)/100000/Asc/vector-algorithms Merge,1.4754065783221469e-2,1.4656862831518848e-2,1.5060325728262455e-2,3.7856396410270186e-4,1.513002396241871e-4,7.059781238343373e-4
Int*3 (Unboxed)/100000/Asc/vector-algorithms Intro,1.1168449374610936e-2,1.107987351384807e-2,1.1562600038819391e-2,4.2076810536960705e-4,6.525896963737479e-5,9.180657229924424e-4
Int*3 (Unboxed)/100000/Asc/vector-algorithms Heap,1.766550726879802e-2,1.7575888002107715e-2,1.797532292734595e-2,3.61715258202287e-4,1.0421994963313717e-4,7.002369222793702e-4
Int*3 (Unboxed)/100000/Asc/vector-algorithms Tim,1.2433002010676787e-3,1.2231120650607215e-3,1.3047605401113197e-3,1.0983539528551624e-4,4.5591188244152435e-5,1.915450526394556e-4
Int*3 (Unboxed)/100000/Asc/vector-algorithms Merge (by index),5.164833943596587e-3,5.115709502490718e-3,5.3378569675481755e-3,2.6707585479454876e-4,4.253877650857991e-5,5.560105385238177e-4
Int*3 (Unboxed)/100000/Asc/vector-algorithms Intro (by index),9.668206765528068e-3,9.644996552301612e-3,9.710835743714836e-3,8.224889955921895e-5,5.471330572224305e-5,1.1878195104841183e-4
Int*3 (Unboxed)/100000/Asc/vector-algorithms Heap (by index),1.3906865076732243e-2,1.3830282784640378e-2,1.4162984347847492e-2,3.2057371134447106e-4,1.1714391611683831e-4,6.07248315065943e-4
Int*3 (Unboxed)/100000/Asc/vector-algorithms Tim (by index),1.294452621126394e-3,1.2874619684195474e-3,1.3164323968315238e-3,3.944830578401944e-5,1.147011180163047e-5,7.998882602092154e-5
Int*3 (Unboxed)/100000/Desc/samsort sortIntArrayBy (by index),5.681725734790447e-4,5.669545600742096e-4,5.698988297905619e-4,4.725240185474197e-6,3.13781972688169e-6,6.408019228742462e-6
Int*3 (Unboxed)/100000/Desc/vector-algorithms Merge,2.1011230865347532e-2,2.093947242295733e-2,2.1131396630014326e-2,2.061331663313925e-4,1.4101958766914673e-4,3.3495084000156335e-4
Int*3 (Unboxed)/100000/Desc/vector-algorithms Intro,1.1364669333271191e-2,1.128438672087387e-2,1.1724956777657966e-2,3.6921603092777327e-4,5.80984963987302e-5,7.969524752606143e-4
Int*3 (Unboxed)/100000/Desc/vector-algorithms Heap,1.6959263913219988e-2,1.692526644109343e-2,1.7012338698664895e-2,1.0627366842469643e-4,7.748815251834764e-5,1.5256223692450347e-4
Int*3 (Unboxed)/100000/Desc/vector-algorithms Tim,1.4394372601753266e-3,1.4314977580724179e-3,1.4548256777558485e-3,3.457363451207254e-5,1.8436920840105367e-5,5.591579587775706e-5
Int*3 (Unboxed)/100000/Desc/vector-algorithms Merge (by index),8.265874286972624e-3,8.24530698167763e-3,8.28544077471815e-3,5.722839540623361e-5,4.845513004070708e-5,6.781087229423279e-5
Int*3 (Unboxed)/100000/Desc/vector-algorithms Intro (by index),9.927855092530209e-3,9.885031448161326e-3,9.994397420427199e-3,1.4226285985570223e-4,9.39112237319982e-5,2.0217018691523998e-4
Int*3 (Unboxed)/100000/Desc/vector-algorithms Heap (by index),1.1575043164987468e-2,1.1521028770109873e-2,1.1773106908760232e-2,2.529300235368245e-4,3.236097053592601e-5,5.180473925548676e-4
Int*3 (Unboxed)/100000/Desc/vector-algorithms Tim (by index),1.389696117976532e-3,1.3791583482707223e-3,1.4145932614180947e-3,5.120130920622663e-5,2.2823356146291486e-5,9.45937344644622e-5
Int*3 (Unboxed)/100000/UpDownAsc/samsort sortIntArrayBy (by index),1.9192195065586058e-3,1.9085395612211972e-3,1.929323848462531e-3,3.3739121053662906e-5,2.8980452635616637e-5,4.073144228438651e-5
Int*3 (Unboxed)/100000/UpDownAsc/vector-algorithms Merge,1.664822626459403e-2,1.6621055156283468e-2,1.6689840192344634e-2,8.330022412200045e-5,5.847547954675738e-5,1.0653573048609296e-4
Int*3 (Unboxed)/100000/UpDownAsc/vector-algorithms Intro,1.1586593171205596e-2,1.1559294392926377e-2,1.1629828931596125e-2,8.503577667880234e-5,5.6399943548139116e-5,1.422216791549233e-4
Int*3 (Unboxed)/100000/UpDownAsc/vector-algorithms Heap,1.7600818015999966e-2,1.7559716739748894e-2,1.7661507519132046e-2,1.1691514695808687e-4,8.022723916506964e-5,1.8380909609636036e-4
Int*3 (Unboxed)/100000/UpDownAsc/vector-algorithms Tim,1.1450595982078625e-3,1.1360495821697313e-3,1.1547476888934313e-3,3.0556358444148146e-5,2.5210713325755358e-5,3.6499533252590634e-5
Int*3 (Unboxed)/100000/UpDownAsc/vector-algorithms Merge (by index),6.6841437716776975e-3,6.675009017376241e-3,6.698798450021143e-3,3.451478065625547e-5,2.2802983419251936e-5,4.9481838979707806e-5
Int*3 (Unboxed)/100000/UpDownAsc/vector-algorithms Intro (by index),1.0217475585688097e-2,1.0194116349449783e-2,1.0252505556502629e-2,8.353486221428681e-5,5.98793288968752e-5,1.1383564255871221e-4
Int*3 (Unboxed)/100000/UpDownAsc/vector-algorithms Heap (by index),9.351409975433976e-3,9.235181106802489e-3,9.452429719451733e-3,2.832501431466342e-4,2.3346686889218478e-4,3.462034273470104e-4
Int*3 (Unboxed)/100000/UpDownAsc/vector-algorithms Tim (by index),1.2340665562931312e-3,1.2323823932028197e-3,1.236234398454942e-3,6.664066048777078e-6,5.242062156723713e-6,8.27799118907725e-6
Int*3 (Unboxed)/100000/UpDownDesc/samsort sortIntArrayBy (by index),2.103060780625457e-3,2.0900294933598454e-3,2.1233871881969893e-3,5.262451333336684e-5,3.8139629600278076e-5,8.125157442545966e-5
Int*3 (Unboxed)/100000/UpDownDesc/vector-algorithms Merge,2.127553177378413e-2,2.1213379358090256e-2,2.135023634174845e-2,1.58058223825913e-4,9.607171248917215e-5,2.219748987466176e-4
Int*3 (Unboxed)/100000/UpDownDesc/vector-algorithms Intro,1.1826393736181535e-2,1.1797340481619938e-2,1.1896738591705265e-2,1.1746532956836338e-4,6.0539362656493294e-5,2.1982683449372223e-4
Int*3 (Unboxed)/100000/UpDownDesc/vector-algorithms Heap,1.6883410974773302e-2,1.6847349627365123e-2,1.6921002951604838e-2,8.710106537468454e-5,7.208437881531882e-5,1.0580154906371173e-4
Int*3 (Unboxed)/100000/UpDownDesc/vector-algorithms Tim,8.755614259428633e-3,8.6868048881437e-3,8.935741999122154e-3,2.750346061059669e-4,9.880167611931383e-5,5.218201435866904e-4
Int*3 (Unboxed)/100000/UpDownDesc/vector-algorithms Merge (by index),8.352876090917793e-3,8.334876981048202e-3,8.383522139903458e-3,6.438305324219774e-5,4.357483867181682e-5,1.0810594048550643e-4
Int*3 (Unboxed)/100000/UpDownDesc/vector-algorithms Intro (by index),1.0259140969238818e-2,1.023577991734412e-2,1.0283812947440784e-2,6.70931184770933e-5,5.4223362333175025e-5,9.167261351272337e-5
Int*3 (Unboxed)/100000/UpDownDesc/vector-algorithms Heap (by index),9.578985063513528e-3,9.531734700648093e-3,9.671503473068605e-3,1.7164042759561156e-4,8.892437289168658e-5,3.0318789265754224e-4
Int*3 (Unboxed)/100000/UpDownDesc/vector-algorithms Tim (by index),6.066586138843692e-3,5.886916411510611e-3,6.2084933962346855e-3,4.830832661051849e-4,3.676834369707445e-4,6.992596638918239e-4
Int*3 (Unboxed)/100000/Rand/samsort sortIntArrayBy (by index),9.554622031708935e-3,9.537909210872884e-3,9.573883152010496e-3,4.878447816776877e-5,3.662128247100824e-5,6.23400131182324e-5
Int*3 (Unboxed)/100000/Rand/vector-algorithms Merge,3.265558903140086e-2,3.257986463814516e-2,3.275660181903801e-2,1.9455149227277747e-4,1.4402218805507295e-4,2.715715818927678e-4
Int*3 (Unboxed)/100000/Rand/vector-algorithms Intro,1.9324688807151203e-2,1.9241900661732165e-2,1.9590598496109776e-2,3.2969165791755075e-4,7.541843402633392e-5,6.514365744591155e-4
Int*3 (Unboxed)/100000/Rand/vector-algorithms Heap,2.1582514921705594e-2,2.149153486544402e-2,2.1672584113425465e-2,2.040479637202788e-4,1.6332763379920908e-4,2.806231381260775e-4
Int*3 (Unboxed)/100000/Rand/vector-algorithms Tim,2.843080400484821e-2,2.8385135161515217e-2,2.8532724826926804e-2,1.3295688408911972e-4,7.288100956115898e-5,2.5202909801747746e-4
Int*3 (Unboxed)/100000/Rand/vector-algorithms Merge (by index),1.5582162792414268e-2,1.5529978947509916e-2,1.5639095671029706e-2,1.3524209891434245e-4,1.0854871056861222e-4,1.9822964835170697e-4
Int*3 (Unboxed)/100000/Rand/vector-algorithms Intro (by index),2.0077928748034532e-2,2.0013026500250584e-2,2.014148474416242e-2,1.43436792881233e-4,1.0274348639486825e-4,2.138457629558854e-4
Int*3 (Unboxed)/100000/Rand/vector-algorithms Heap (by index),1.7377405323625514e-2,1.73494082130458e-2,1.7404535766289028e-2,6.695799163682214e-5,5.528395264014636e-5,8.278972638464163e-5
Int*3 (Unboxed)/100000/Rand/vector-algorithms Tim (by index),2.006569374190783e-2,1.9983249224154596e-2,2.0213019469099598e-2,2.667043564171847e-4,1.7745566724497702e-4,3.7039148103348895e-4
Int*3 (Unboxed)/100000/RandSmall/samsort sortIntArrayBy (by index),4.493862148025679e-3,4.476961908123539e-3,4.5080804578367835e-3,4.7981969935835154e-5,3.524395372903829e-5,6.407948095236337e-5
Int*3 (Unboxed)/100000/RandSmall/vector-algorithms Merge,3.205141204214567e-2,3.189906828009908e-2,3.24975584583356e-2,5.381248239553695e-4,1.8338512037008472e-4,9.647555788659489e-4
Int*3 (Unboxed)/100000/RandSmall/vector-algorithms Intro,1.735004144445335e-2,1.7259847546409645e-2,1.7575701295914056e-2,3.2234539193145266e-4,1.3769237212712607e-4,6.30117026332144e-4
Int*3 (Unboxed)/100000/RandSmall/vector-algorithms Heap,2.092813619276847e-2,2.087580376032614e-2,2.098473627199056e-2,1.3388946298720428e-4,1.1312051135402535e-4,1.5530728186216993e-4
Int*3 (Unboxed)/100000/RandSmall/vector-algorithms Tim,2.1492904253496717e-2,2.1437002116235324e-2,2.155861601692321e-2,1.3641135467500393e-4,1.011525508266326e-4,1.8097608808049216e-4
Int*3 (Unboxed)/100000/RandSmall/vector-algorithms Merge (by index),1.2625167139849408e-2,1.257846685919862e-2,1.2707271168178295e-2,1.5802880950011307e-4,1.0132248352944527e-4,2.793666043005111e-4
Int*3 (Unboxed)/100000/RandSmall/vector-algorithms Intro (by index),1.8316455074421128e-2,1.8260636587507952e-2,1.8459757046004145e-2,1.970055149246806e-4,9.993248793251758e-5,3.601778530961344e-4
Int*3 (Unboxed)/100000/RandSmall/vector-algorithms Heap (by index),1.7051656742511807e-2,1.7020659617188627e-2,1.710195297455965e-2,9.092222830243321e-5,5.438167474180273e-5,1.4446652727943146e-4
Int*3 (Unboxed)/100000/RandSmall/vector-algorithms Tim (by index),1.4258941363488301e-2,1.4190164434972995e-2,1.4353854755390976e-2,2.0160930649938135e-4,1.2393849443706324e-4,3.0015694180976493e-4
Int*3 (Unboxed)/100000/AscThenRand/samsort sortIntArrayBy (by index),5.55785997670797e-3,5.513876743277786e-3,5.669290978790182e-3,1.9143279379249377e-4,1.0241660530563727e-4,3.5223814880708845e-4
Int*3 (Unboxed)/100000/AscThenRand/vector-algorithms Merge,2.4483012420761428e-2,2.429497425620581e-2,2.5230173757200144e-2,7.024208628466731e-4,1.4040688247559047e-4,1.45722964268345e-3
Int*3 (Unboxed)/100000/AscThenRand/vector-algorithms Intro,1.883994811614971e-2,1.8801475688562552e-2,1.888445124819142e-2,9.735425776852579e-5,7.527750964552786e-5,1.250101035169073e-4
Int*3 (Unboxed)/100000/AscThenRand/vector-algorithms Heap,2.0871199218472428e-2,2.0773995882703435e-2,2.1050590253288447e-2,2.978657695081261e-4,1.6993280908322156e-4,4.96380618994132e-4
Int*3 (Unboxed)/100000/AscThenRand/vector-algorithms Tim,1.6130633669327158e-2,1.608543276324978e-2,1.621222060723929e-2,1.4607862743242145e-4,9.653853658566731e-5,2.3991696544576517e-4
Int*3 (Unboxed)/100000/AscThenRand/vector-algorithms Merge (by index),1.0912264727718923e-2,1.0887356922757139e-2,1.0952406943896608e-2,8.850642923163869e-5,6.004065549990753e-5,1.39114574320102e-4
Int*3 (Unboxed)/100000/AscThenRand/vector-algorithms Intro (by index),1.8695453191535913e-2,1.86290093585139e-2,1.878408836412406e-2,1.760976008670859e-4,1.3330034590156644e-4,2.535524449075501e-4
Int*3 (Unboxed)/100000/AscThenRand/vector-algorithms Heap (by index),1.5479071021470127e-2,1.5369083201708466e-2,1.5997472211231253e-2,4.960213556421917e-4,5.384570919550176e-5,1.0059495700442541e-3
Int*3 (Unboxed)/100000/AscThenRand/vector-algorithms Tim (by index),1.210478724064326e-2,1.2039604618919175e-2,1.2289098128456645e-2,2.837374769781585e-4,1.0449520785362377e-4,5.612628968379804e-4
Int*3 (Unboxed)/100000/RandThenAsc/samsort sortIntArrayBy (by index),5.5087992253740285e-3,5.477444478016475e-3,5.541647734647328e-3,1.0196334805307348e-4,9.044350857820382e-5,1.1900153712987462e-4
Int*3 (Unboxed)/100000/RandThenAsc/vector-algorithms Merge,2.408648340187091e-2,2.401101182509991e-2,2.4177672156944843e-2,1.823746324491115e-4,1.3950175226414433e-4,2.4560571288625754e-4
Int*3 (Unboxed)/100000/RandThenAsc/vector-algorithms Intro,1.8742917538633257e-2,1.8640243713016598e-2,1.9037710951135284e-2,4.1457397024242677e-4,1.0687626651917343e-4,7.561666243812925e-4
Int*3 (Unboxed)/100000/RandThenAsc/vector-algorithms Heap,2.1750161874778823e-2,2.162856800186563e-2,2.2130099700677038e-2,4.4608171551457166e-4,1.2126869958127258e-4,8.779297359464849e-4
Int*3 (Unboxed)/100000/RandThenAsc/vector-algorithms Tim,1.6419974669505677e-2,1.6333266878233707e-2,1.6514342266914915e-2,2.2689268836554165e-4,1.7288849400296937e-4,3.19374567281584e-4
Int*3 (Unboxed)/100000/RandThenAsc/vector-algorithms Merge (by index),1.110725297309503e-2,1.1010506403219752e-2,1.1389458576353659e-2,4.4797237187189904e-4,8.235108718128832e-5,8.360995682249533e-4
Int*3 (Unboxed)/100000/RandThenAsc/vector-algorithms Intro (by index),1.8982901385348597e-2,1.8836297895485167e-2,1.9303368832726833e-2,4.926680866597252e-4,2.2294284905490652e-4,8.979396769912367e-4
Int*3 (Unboxed)/100000/RandThenAsc/vector-algorithms Heap (by index),1.757560826563705e-2,1.7450673689507073e-2,1.786196402504634e-2,4.604146338971531e-4,2.281006824606964e-4,7.640737628447366e-4
Int*3 (Unboxed)/100000/RandThenAsc/vector-algorithms Tim (by index),1.2045545224295382e-2,1.2008704603183262e-2,1.2103646409041196e-2,1.197649083054746e-4,8.401130761595725e-5,1.8029295320180926e-4
Word8 (Unboxed)/100000/RandSmall/samsort sortIntArrayBy (by index),2.9080464736605145e-3,2.903954479882454e-3,2.914426828442251e-3,1.5753731710707913e-5,1.1364276679547915e-5,2.3594198248762223e-5
Word8 (Unboxed)/100000/RandSmall/vector-algorithms Merge,8.054096966624043e-3,8.037013598937602e-3,8.07744244922614e-3,5.793813832250485e-5,4.073184525790421e-5,8.864860977595241e-5
Word8 (Unboxed)/100000/RandSmall/vector-algorithms Intro,1.0846611720465745e-2,1.0801197563203599e-2,1.097180750830846e-2,1.8018591659455467e-4,5.554037410675531e-5,3.049447357166006e-4
Word8 (Unboxed)/100000/RandSmall/vector-algorithms Heap,8.205406324505117e-3,8.180771961299554e-3,8.238074677000919e-3,8.232998112576364e-5,5.756325560577418e-5,1.1971755256512182e-4
Word8 (Unboxed)/100000/RandSmall/vector-algorithms Tim,1.244411488751188e-2,1.2336327201107746e-2,1.2614127770149808e-2,3.2350589892849493e-4,2.3757667338341782e-4,5.05163543410173e-4
Word8 (Unboxed)/100000/RandSmall/vector-algorithms Merge (by index),1.1627152067805664e-2,1.160124642176465e-2,1.1660688175422445e-2,7.628764616969278e-5,6.0863114417744996e-5,9.866294772374682e-5
Word8 (Unboxed)/100000/RandSmall/vector-algorithms Intro (by index),1.3188336572231618e-2,1.311430069131018e-2,1.3391253525339797e-2,3.016424958774334e-4,9.270781038317832e-5,6.273377988489785e-4
Word8 (Unboxed)/100000/RandSmall/vector-algorithms Heap (by index),1.1008972535994064e-2,1.0985201672110619e-2,1.1031583856319527e-2,6.0417751807181276e-5,5.01436903174118e-5,7.229611577475584e-5
Word8 (Unboxed)/100000/RandSmall/vector-algorithms Tim (by index),1.3553521095731012e-2,1.351542607715731e-2,1.359336352667904e-2,9.507415770562077e-5,7.28505959241584e-5,1.3345152446490736e-4
Word8 (Unboxed)/100000/RandSmall/primitive-sort,2.8328524927211593e-3,2.8288879231710357e-3,2.836754478104616e-3,1.2604350310658977e-5,1.0527705779647029e-5,1.5945459388821075e-5
